,diameter,emplacement_depth,midpoint_x,midpoint_y,name,transgressive_height
0,9081.468431729529,0.7645874114918177,684079.3840000001,6648122.654999999,Sill 805,0.25046434850700006
1,5561.338222068195,3.0928641804195784,286331.69649999996,6019616.34,Sill 1,1.1817702766709988
2,2075.0136041722903,1.5151489487973278,303489.6025,6030736.715,Sill 10,0.20040882523199954
3,1612.6719141607223,1.0093095702279602,303512.24399999995,6030506.635,Sill 10,0.15282152619099953
4,16037.671550053823,4.627159790972993,458084.463,6278973.38,Sill 100,1.123283481780002
5,11302.34565839463,3.7033015934706905,449942.0115,6291059.805,Sill 101,1.2241151516250008
6,9363.273119849886,4.144784492357188,458768.127,6297152.445,Sill 102,0.8792963733330019
7,10089.344474797286,7.850593132364121,455915.0115,6299659.725,Sill 103,1.4450137568729993
8,3811.3507658411368,1.1387625734383724,440396.162,6292466.654999999,Sill 104,0.24982832387100196
9,5103.966304786689,1.4369460438175528,437659.25,6289646.890000001,Sill 105,0.26693099744099946
10,9722.879132795362,2.9107647304721205,441509.5935,6295372.605,Sill 106,0.6596767894079996
11,15875.473499034924,5.015589384745419,438833.071,6308080.34,Sill 107,2.2433399322489977
12,3440.5196643567997,3.5217700169240764,449736.3705,6317539.49,Sill 108,1.1590238236800001
13,10604.322478739266,4.615212959818111,446482.407,6313485.755000001,Sill 109,0.7920122082030003
14,2011.662780742548,2.492472930189222,476775.52749999997,6248112.89,Sill 11,0.3650584014989997
15,7548.480153098821,4.2049129839493,466151.51249999995,6272906.025,Sill 110,0.6453939604809982
16,4962.343495577568,0.5391666728084216,210381.804,5682361.3100000005,Sill 111,0.1521942269489993
17,5031.0949704677005,0.5758678716570593,210408.50449999998,5682308.275,Sill 111,0.15438970892100057
18,14247.080679320647,1.2337193617542752,210246.755,5674370.245,Sill 112,0.5170759608640001
19,3781.3398705682694,3.68737001983555,429837.36250000005,6208568.165,Sill 113,0.5015515414549974
20,3584.8497886163623,4.05857899244934,412320.855,6190975.11,Sill 114,1.0953568007949999
21,4616.787678456165,3.9093436438396987,407669.292,6186245.035,Sill 115,0.398460596985001
22,15053.160420086835,2.973252079999162,391850.054,6169960.949999999,Sill 116,0.5719965520150003
23,8123.766169104195,2.8933831418452973,394396.15650000004,6172605.3,Sill 117,0.5383006092870004
24,10234.968300666547,3.172185146705955,382855.5715,6160462.7,Sill 118,0.3794322547169995
25,3288.757466415253,4.14928926681074,370264.38,6147360.220000001,Sill 119,0.5684749182869995
26,4466.757419617036,1.8236465145184257,478543.564,6245972.955,Sill 12,0.6469576577200002
27,3036.560979281609,4.358828687161653,375829.506,6153158.15,Sill 120,0.7323813814559967
28,2727.8301931235396,3.7664450884520546,415293.826,6194303.19,Sill 121,0.21783965879999911
29,2935.6294860904654,4.079927596079816,427511.83400000003,6206911.235,Sill 122,0.54025382808
30,3978.3239089552094,3.143517100469503,420625.479,6199699.890000001,Sill 123,0.2469783142440023
38,1111.8931428090057,1.038846729950877,479504.7375,6245506.7,Sill 13,0.31337168278299954
49,1737.3776352664936,2.894351750566894,480992.627,6244079.779999999,Sill 14,0.5688106501560006
52,3818.371911278107,0.7820110231846065,93357.70915,6190888.835,Sill 141,0.3425477808
54,3762.8765904233073,2.1581376406535853,409294.596,6136435.640000001,Sill 143,0.3463942166280001
55,8784.173388431023,2.532935064962581,399590.683,6128424.845000001,Sill 144,0.8185848045930022
56,2112.692310384103,1.1983282108345166,415068.25899999996,6147210.65,Sill 145,0.17619007132800024
57,2736.5316591774904,1.9757507955261124,412477.2635,6149691.52,Sill 146,0.23606884700499942
58,19647.96291260367,3.493219024184291,415757.6975,6163827.07,Sill 147,0.8559645755189984
59,4242.910830797107,1.0305219712053972,419485.80299999996,6150576.605,Sill 148,0.35858680249500074
60,3990.6418178233976,1.1298808716861357,419558.70050000004,6150506.91,Sill 148,0.4204843334690007
61,2250.3297334614685,2.4502341859270618,387156.0125,6130524.295,Sill 149,0.3055893553289999
62,20089.114706663695,3.2510983543527456,457952.8295,6245751.915,Sill 15,1.462177556474999
63,2937.3001787832723,1.8570946349935784,390783.5455,6134256.95,Sill 150,0.4088969101510007
64,4085.6233452539345,2.3854617026630622,428406.198,6172936.65,Sill 151,0.45356890134700034
65,13619.498887123693,3.517436848831318,401536.0,6147035.555,Sill 152,0.7545674527649999
66,6758.751251828563,3.0664226582868794,405846.64300000004,6150516.875,Sill 153,0.41667379860000064
67,6638.898552329395,2.4606313779426685,364896.119,6081240.8149999995,Sill 154,0.8435804888879996
68,11512.282648016373,3.5941589877919093,361814.948,6078896.154999999,Sill 155,1.7569595923650017
69,2671.1334838918606,1.635666700607388,361249.2685,6074328.970000001,Sill 156,0.32509459700100063
71,7111.074506516766,1.778079435452392,351817.778,6083206.465,Sill 158,0.6562532010570008
72,6951.222248657423,1.2756838325181434,355443.36600000004,6072460.0600000005,Sill 159,1.0622539984770007
73,15837.404509400681,1.4712955490988833,453304.25,6245584.29,Sill 16,0.8074062738689993
74,3111.4453241418414,2.7777825107622425,349285.356,6076918.64,Sill 160,0.13249018005699797
75,3937.7909440473,1.0504656388816411,365232.9325,6082212.88,Sill 161,0.12093297427299943
76,11317.64116325943,3.6776470986007443,372491.22750000004,6089514.285,Sill 162,0.9373816596479991
77,7486.217199194644,2.9063141110509667,365084.9135,6096306.205,Sill 163,1.0405597988799995
78,4921.352158658287,2.384555979876048,367662.31149999995,6093839.55,Sill 164,1.039020930708999
79,2882.02784558511,4.974247767030882,361202.4425,6099961.875,Sill 165,0.18369672746800347
80,13004.712514097406,3.911150655480063,366664.602,6094774.0600000005,Sill 166,2.2644026045360013
82,5185.766832570481,2.494332958309145,404158.38450000004,6122820.755,Sill 168,0.6870046097970022
84,18057.996273497014,2.5807531580361385,446573.8075,6234425.38,Sill 17,1.0840070797079984
85,2486.1163454669336,2.852763278643528,410744.713,6129681.37,Sill 170,0.5983521508160003
86,4388.003239857322,0.8426877581660619,417224.445,6136609.355,Sill 171,0.4598649398159993
87,2548.5950667003576,0.5362323549888337,420502.5205,6139864.029999999,Sill 172,0.31169813219200027
88,2683.961451044912,3.0915679922816697,435322.493,6198027.865,Sill 173,0.456491644329001
89,1937.7963445420494,2.435901810223763,283532.2665,6021986.03,Sill 174,0.6515066010229997
90,3198.5938922008645,5.453730145158924,326321.67350000003,6059227.92,Sill 175,0.8172771080000025
91,1802.237527741698,4.501426350894163,329167.59400000004,6056654.82,Sill 176,0.846205667575
92,2788.5728935468255,4.266214578770436,330695.475,6055221.63,Sill 177,0.8125621911879986
93,2452.161637648576,6.041270679271245,330443.91500000004,6055456.54,Sill 178,0.959029766905001
94,4387.329725680662,6.290935574854873,339325.931,6062124.220000001,Sill 179,1.3911189926829994
95,4236.72692904566,2.3738612930645324,339810.043,6061708.58,Sill 180,0.6055987886550005
96,7656.075622199417,5.744273993493058,339964.32700000005,6070526.84,Sill 181,1.703911067599
97,3118.9721832398873,2.7841081667388976,338582.816,6071744.029999999,Sill 182,0.5520457275809996
98,5487.8414082316895,4.196418654926597,343793.6575,6074495.275,Sill 183,0.9476563384999999
99,5390.352197957519,3.486752925960342,346128.831,6079966.994999999,Sill 184,0.607378184027997
100,5837.872076100543,3.3348441852831896,355012.335,6088255.425000001,Sill 185,0.7766573840000008
101,4246.133777198691,5.762137518676121,359944.7705,6083585.825,Sill 186,0.6711525959090032
102,9984.937789841943,4.985248468041316,362622.361,6089989.0,Sill 187,1.0933379256450007
103,2835.9642357740604,2.325429391028818,366994.67350000003,6085847.195,Sill 188,0.33646408612800016
104,1025.535740966371,1.6410743670363117,368503.953,6084415.01,Sill 189,0.7345461183919992
105,13150.14487300026,3.036826830043651,458233.429,6224044.525,Sill 19,1.9559907566879988
106,2160.0747367509684,2.82169323016904,365167.2035,6104250.415,Sill 190,0.546174338431999
107,3248.7642323641285,3.1416407393671766,367392.4915,6102155.5600000005,Sill 191,0.45061054639300124
108,2210.336298982346,4.277861633278871,369279.575,6100378.095000001,Sill 192,0.8307087344290007
109,11082.167619856313,3.7446423630415233,368496.458,6101115.5649999995,Sill 193,1.1102287640800004
110,7472.196607058712,2.940959327232888,376085.7725,6095308.755000001,Sill 194,0.6472542739199998
111,3261.4828136789897,2.1734542936038785,380229.70900000003,6090027.375,Sill 195,0.6060636599399998
112,5510.188563642935,3.1948297665305194,374271.31,6104392.615,Sill 197,0.6377592920399984
113,4368.259239484098,2.695092891428051,370465.826,6108010.395,Sill 198,0.3322041892000005
114,8690.595136020445,1.3564378969879485,376935.0325,6109156.449999999,Sill 199,0.2199613198809991
115,4848.827609994334,1.1445300577251678,405264.8175,6131490.98,Sill 2,0.4252381500710012
116,9532.747337767993,2.3125044457160677,447573.3935,6225291.395,Sill 20,1.338453528093
117,2546.70878288994,4.112609970327022,373970.7585,6111806.050000001,Sill 200,0.2038873247840014
118,2169.3498627587146,2.7967096485895935,372323.1655,6113392.08,Sill 201,0.5621280117369998
119,6694.028843607048,3.2459611562957296,374354.7485,6111557.45,Sill 202,0.3539827119479999
120,5658.916623719234,3.3716992169672872,382526.7255,6121479.66,Sill 203,0.1530051003999997
121,3087.00506018814,0.457592079072204,401643.08050000004,6102902.055,Sill 204,0.3963166685389997
122,17209.523358272487,2.047958156596618,412200.055,6154485.465,Sill 205,0.8552176630049999
123,4855.328420580855,2.3125445964678706,416446.471,6153395.91,Sill 206,0.19307700010499973
124,1999.2913372368341,2.818801860566012,419969.60349999997,6172966.3149999995,Sill 207,0.3871082404999995
125,9664.712640845395,4.818434299517033,447150.088,6217800.585,Sill 208,2.008294717671999
126,6484.073248230404,3.194124837849616,437826.79099999997,6207370.475,Sill 209,1.1216182133310015
127,6997.570341241616,4.354103707634175,442667.75950000004,6215576.54,Sill 21,1.2323714418270022
128,6302.591061727125,2.432947929393489,441871.796,6221842.61,Sill 210,0.6642387235800005
129,9882.391388517504,1.6682366831773332,456689.53099999996,6217265.415,Sill 211,0.43605878649200003
130,10812.080185126564,2.16426625071022,452525.88899999997,6220039.6,Sill 212,1.1862009506360005
131,7049.969885530449,4.493212569698126,440995.614,6201683.985,Sill 213,1.898587983729
132,7640.63974784955,2.670905266430533,463296.7295,6246420.07,Sill 214,0.4864849763000003
133,5372.3394392483015,2.8141912127985083,461747.78500000003,6222730.1850000005,Sill 215,1.8100752758249996
134,17794.693442206895,2.452259304712341,273744.7855,5526139.73,Sill 216,1.3899527367599993
135,10258.966345831144,1.0506264906786245,238012.79200000002,5721364.07,Sill 217,0.27869078117499857
136,5553.805177959071,4.398161983161407,273349.1805,5733126.595000001,Sill 218,0.4722349304890008
137,2735.980395453232,1.7405722943052562,424981.06700000004,6160544.8,Sill 219,0.22620648982399927
138,3723.581714883016,2.5518466981935335,445185.14249999996,6213146.71,Sill 22,0.8223903058879993
139,3335.9623736317003,6.152508805816464,466927.3125,6245098.67,Sill 220,0.9585415333430021
140,2051.6464035008244,0.3563277582051484,403103.125,6133552.625,Sill 221,0.17200022092099987
141,1299.507692781833,0.6884238584523854,407451.0,6129437.58,Sill 222,0.06615728727299985
142,5847.723705514109,1.9764413500595697,369910.328,6087086.995,Sill 223,0.10333761484500181
143,2337.5509601098447,0.8306537114399568,129068.4065,5988557.115,Sill 224,0.1886750518079996
144,2824.845581755323,2.2940439772331103,129632.5655,5987913.05,Sill 225,0.48920059062700005
145,13600.106844145583,1.3063962393036834,402703.55649999995,6144853.3100000005,Sill 226,0.6582002740960005
146,3425.2797969306807,4.562616104590229,282491.7295,6046133.215,Sill 227,0.2615196796229995
147,2840.151472764193,5.531936992716261,283695.095,6035430.535,Sill 228,0.3791850537089987
148,863.4012226705175,0.6854984395430412,284752.90150000004,6026175.725,Sill 229,0.11671614292800037
149,19872.363587009713,4.617368593086062,447420.6125,6213670.095000001,Sill 23,2.1617315511199995
150,1225.1362036530677,3.415686730082267,284873.24450000003,6025151.0649999995,Sill 230,0.1995262375589988
151,15278.75158670546,6.43142816523731,460683.1185,6296551.904999999,Sill 231,1.7221172288830005
152,22803.088006401893,3.3152783969878215,460739.97849999997,6330042.855,Sill 232,0.7736715286590008
153,3982.891720173347,2.254057205044071,465875.8025,6335241.375,Sill 233,0.17709124355999917
154,6454.549113601986,2.6786148493825737,431192.29150000005,6211175.345,Sill 234,1.0556968744469999
155,5710.666718413956,3.304470814165803,439104.909,6343897.720000001,Sill 235,0.6723485247009995
156,10121.238123149125,5.6019040474377375,444423.2165,6339113.03,Sill 236,1.1218602479049995
157,3586.078060252282,2.891796754187168,442580.5625,6340773.67,Sill 237,0.24158134617099947
158,3649.8657271057236,4.544279435015602,447476.5045,6336396.295,Sill 238,1.0841079857110003
159,28911.711852286044,4.181802864114456,444620.152,6325896.895,Sill 239,1.067369108317
160,4775.667900837419,3.8627600452661444,436459.56149999995,6200989.4399999995,Sill 24,0.9212811129200018
161,6647.214652560755,2.4499504654467996,459313.26300000004,6313378.545,Sill 240,0.8977854343680001
162,3449.764921585674,5.126527140737486,79662.31495,5927077.76,Sill 241,0.1651028868720008
163,2149.865898681134,2.6581971847021997,237985.7515,6023011.395,Sill 242,0.812025265541001
164,2124.946628247847,2.017853200414347,238237.1,6018869.035,Sill 243,0.13243104333500177
165,11699.759138811669,6.674168122750539,314653.48199999996,6060971.1850000005,Sill 244,1.9666475526809997
166,2937.199772212783,2.27963115583461,300300.5185,6628535.0,Sill 245,0.31278089987900026
167,10794.698464294377,5.360461620318968,305560.002,6601569.9350000005,Sill 246,1.4357554818320004
169,3156.332066533507,4.801968364792407,307563.0935,6628346.91,Sill 248,0.658066965792
170,7017.907544978113,0.8497600812753395,309773.7105,6631387.605,Sill 249,0.45434895080100013
171,6859.621342369079,3.932373464875165,441998.5175,6195760.93,Sill 25,1.1548266057599985
172,2237.1934569688005,2.4668070426735573,254100.16499999998,6523674.98,Sill 250,0.4090503995919996
173,9119.453525056753,2.698007203033648,258445.3335,6538592.335,Sill 251,0.9326036034199989
175,4564.405719295844,2.8364457537026273,265497.01749999996,6585993.074999999,Sill 253,0.5676920721000007
177,3975.2037674951407,1.4839267123921043,273124.712,6529083.46,Sill 255,0.6792217810029997
180,5949.1705066773075,1.8133868497746537,277314.87450000003,6525900.49,Sill 258,0.4350399200849999
181,3249.4714466845953,2.157699847745237,275275.851,6527472.15,Sill 259,0.28574688049999875
183,4037.5289998921426,1.268270472238184,278995.9695,6486502.82,Sill 261,0.4308704643999999
184,11887.021911102667,3.783338828292171,291842.4325,6476247.9350000005,Sill 262,0.5135108887530002
186,6461.96023129411,1.4420722936377186,288717.95149999997,6478745.505,Sill 264,0.3541336624350011
187,4587.437618237821,3.7697266336588804,296980.632,6472145.865,Sill 265,0.7505808600949995
188,4497.302332372215,4.666198046156532,302645.77150000003,6467573.859999999,Sill 266,0.3273549720150024
189,7423.542657033323,2.1396022557179974,300789.4245,6469074.46,Sill 267,1.0663094263249997
190,5474.984940578573,2.6635512317663452,249984.9075,6509457.24,Sill 268,0.3219904881000013
191,5273.444346444806,2.6838853204621254,425992.7065,6183563.91,Sill 27,0.36712907143200013
192,2849.4043472979292,1.7195991706172373,289760.47,6442238.890000001,Sill 270,0.6698149890389997
193,6412.497891003198,4.523438158932032,288740.9845,6443077.255,Sill 272,1.1135108870600017
194,3887.3209890624344,1.5925097517327607,288589.717,6443146.01,Sill 273,0.401448813789
195,3100.799381164322,2.725782374168504,287727.3685,6443839.494999999,Sill 274,0.8108736841079978
196,4561.917668604036,1.5931880231589783,284842.49600000004,6446126.05,Sill 275,0.976664290567
197,2449.9036839031073,1.0487933661090225,276955.681,6452283.705,Sill 276,0.6367880734050009
200,9087.064052163609,4.266576218015,270840.88049999997,6457215.654999999,Sill 279,2.039467179319
201,6262.146524060765,1.8027144347021,426069.734,6167710.53,Sill 28,0.7081013511839984
202,5212.393336689728,3.510256436715542,271527.9305,6456673.9399999995,Sill 280,1.2331874070759987
203,1812.44002966595,1.8345017706363949,269641.963,6458198.24,Sill 281,0.3572960660310005
204,1712.4779921146298,1.81635391743364,273035.58900000004,6455457.105,Sill 282,0.5613704174250004
205,749.9879082356628,0.3413105499525527,273826.804,6454815.385,Sill 283,0.12137266759100118
206,4674.896652614662,0.7636026419788888,271397.01749999996,6456780.42,Sill 284,0.7629701968590004
208,2587.351981766323,1.131955810554945,250430.1645,6473283.404999999,Sill 286,0.18621748267199978
211,1487.7708276062187,0.2884561234772833,252167.986,6471913.965,Sill 289,0.20894893500800005
212,2774.1090543991386,1.9580954325079905,422746.794,6170373.86,Sill 29,0.42200832641199915
213,3824.8631699407138,1.5205647091919126,250475.4185,6473249.87,Sill 290,0.9618124982200005
214,4650.2821878100385,2.228119597444593,246017.9855,6476782.3149999995,Sill 291,0.38464454458800024
215,2424.8921105253557,1.2749061972303268,275021.5625,6453847.78,Sill 292,0.2901338386879999
216,749.9645756763032,2.0732373068170302,275031.2535,6453839.88,Sill 293,0.10660239055199949
217,3562.7987842848092,1.0183338029706448,281891.80000000005,6448419.625,Sill 294,0.1788527372130002
218,5177.24926481107,1.6131517007275744,273308.275,6427359.859999999,Sill 295,0.5008998867120005
220,3801.221852991082,1.9209499948597537,276139.89,6425178.285,Sill 298,0.2530778676909995
222,2760.851477352093,0.7979509170855991,409177.9,6127818.5,Sill 3,0.06403065213299919
223,2748.3706458228785,1.0208418909300496,409173.3445,6127822.765,Sill 3,0.10874365959599941
224,4986.492584390457,2.5342245291115577,419652.974,6159065.3149999995,Sill 30,0.6974033119680016
226,4522.519101622571,1.5491829509470085,291875.1545,6413021.795,Sill 301,0.2940841295350003
227,5050.352597789555,2.7350580936283926,289257.921,6415049.1899999995,Sill 302,0.6337665844400009
228,3002.400234043352,2.4490765861306376,298494.139,6407893.215,Sill 303,0.08341655961600036
229,5499.602698741122,2.457500719586064,295234.895,6410421.48,Sill 304,0.5120279466409994
230,8561.231663059318,1.5841486885556946,317981.056,6392805.825,Sill 305,0.21694828738500216
231,10289.256320334438,1.9385058742151937,310167.12450000003,6398865.015,Sill 306,0.6929515285559997
232,5912.316054424068,2.7076639494530745,295388.38300000003,6410302.27,Sill 307,1.2257963090449997
234,5351.056148998708,3.3174606011004766,300936.819,6406003.395,Sill 309,0.9311858272199984
235,5485.556762564442,3.186805490318237,415774.7795,6162802.82,Sill 31,0.5742613676039987
237,4935.516263282587,2.0273431984763017,287722.3125,6416220.845,Sill 311,0.349522094606999
238,10675.866111412002,2.229494266287845,280912.7155,6421502.609999999,Sill 312,0.5768338345279997
239,9073.98435089074,2.7665746813689585,280718.4615,6421637.52,Sill 313,1.002870066560999
240,1200.0693478668636,1.08741596444287,306171.3465,6401962.38,Sill 314,0.6112445376509985
242,1962.9574513495684,0.6700146357232779,342833.42949999997,6373552.710000001,Sill 316,0.6243669734279997
243,5535.539055073394,0.486416202863874,334195.35,6380243.925000001,Sill 317,0.17311356790400056
245,1848.9079409545793,1.1003086673084037,264484.0975,6434225.525,Sill 319,0.09411110797599997
246,3698.710065705458,3.0523473284360314,407491.7135,6154448.745,Sill 32,0.3345987420690002
247,7652.855964064088,1.6338115019577037,324751.5475,6387551.785,Sill 320,0.5949335272229996
248,3837.43790715949,0.2548599448996471,325852.73699999996,6386694.515000001,Sill 321,0.22724620167200005
249,2311.2235202521424,1.209932592401056,328086.6665,6384963.27,Sill 322,0.37677491296500065
251,6615.652544201624,7.305885683569977,473617.21550000005,6272307.460000001,Sill 324,2.103282912312001
252,7738.107995435667,3.263976093226187,463547.7695,6281362.355,Sill 325,1.0144871036249992
253,3025.3514727401707,2.2688054387966554,459293.9265,6283329.83,Sill 326,0.8602358310289993
254,10100.274250588529,4.326866486516596,441291.254,6297321.359999999,Sill 327,0.7770836617200008
255,8541.94252736697,3.2371208273316423,429813.984,6305728.345000001,Sill 328,0.3619999252109998
256,16421.427190029197,4.602930949798315,439434.9495,6301225.705,Sill 329,1.1158053744169987
257,4286.304736594291,2.276134050446432,412275.2365,6141828.495,Sill 33,0.4659072722479989
258,9026.733478204642,4.792509623361557,448879.6895,6291441.955,Sill 330,0.9197488007519992
259,16782.4454816283,4.744094993313466,427357.837,6306791.03,Sill 331,1.1847989468159996
260,3908.669708582205,2.1603644294251456,401334.89650000003,6328253.655,Sill 332,0.42479872956500087
261,8911.444278030935,3.1968362734686155,409106.22349999996,6323248.51,Sill 333,0.8170303342529985
262,4624.261164104693,2.0015460962946348,403772.9355,6326371.27,Sill 334,0.625766005425
264,7372.296838250022,3.660439114033384,413173.71349999995,6319098.215,Sill 336,0.885209886464001
265,10249.196897938766,4.092171695927958,422049.42000000004,6312228.68,Sill 337,1.1043465851189982
266,6137.170998099837,1.1504668367020237,394636.1385,6333446.62,Sill 338,0.3719740490960004
267,6176.098164835115,1.5573118786648963,397524.903,6331203.92,Sill 339,0.5248859766849994
268,3948.999706022565,2.9319296497654816,406957.1565,6146872.4399999995,Sill 34,0.3045152507389992
269,11453.258687437563,1.9066112783490203,298533.7305,6393498.45,Sill 340,0.6261766257809995
270,3324.2135655558095,1.4737416583427028,299195.4615,6392935.54,Sill 341,0.18636607201600008
271,4353.480014702337,2.3998441666230463,291630.9575,6398690.62,Sill 342,1.7404412141070003
272,3033.7357535567335,5.408209228070956,289812.5165,6400017.68,Sill 343,1.0859309010930014
274,7993.6022339411165,2.9452436684952645,281535.333,6407929.18,Sill 345,1.0768689280000001
276,5544.126253057782,2.659841758921234,284341.865,6404227.85,Sill 347,0.7600358112390002
278,5610.9298170390875,2.2687428578143134,412225.3855,6141867.305,Sill 35,0.7439301379770002
280,4151.253579281112,0.8028928871511216,281179.031,6406846.225,Sill 352,0.0994267085489996
281,2302.4830741660644,0.14730706062924478,281207.4055,6406809.855,Sill 353,0.12094094224800025
282,7122.068217853504,1.4064959811461244,305108.7085,6478849.619999999,Sill 354,0.48701540401200005
284,5785.32267965124,2.3102010965949793,304972.825,6478647.57,Sill 356,0.755521684704
285,8381.659870639978,1.9481992734921472,300033.1175,6471982.84,Sill 357,0.387634837974999
286,2839.08852744348,1.14019302295004,272188.7305,6433845.885,Sill 358,0.4916228195609995
287,2298.1258759608445,2.208794311408967,273613.07649999997,6435800.34,Sill 359,0.541988302022999
288,4469.310750337102,0.8365609991921802,408357.695,6137219.55,Sill 36,0.5113770590320006
289,4328.038616623472,2.698757016851351,275494.592,6438542.235,Sill 360,0.7154544366829998
290,5623.613844475033,1.2901622382647535,278783.733,6443288.165,Sill 361,0.5244930136650001
292,1650.624620021584,1.019801875448179,281965.0475,6447713.575,Sill 363,0.10872647443099948
293,7805.3283743942175,0.9300494441106518,285519.6285,6452411.395,Sill 364,0.22655152959999902
294,4024.01473657857,1.8356442827473474,291139.952,6459901.165,Sill 365,0.3536870329399977
295,2337.5893165881666,0.9380273815486899,277546.19299999997,6481593.79,Sill 366,0.2216329775360002
296,2247.2804034987153,2.0738098362085253,276043.4155,6479652.6850000005,Sill 367,0.2146839865950001
297,3176.16770942614,1.022155153365093,282092.632,6487724.23,Sill 368,0.288628244069
299,1742.4310510799305,2.085202999560624,405277.0435,6139850.09,Sill 37,0.6133415679449987
301,7292.368098507131,0.4062977770135395,266039.0555,6466093.095000001,Sill 371,0.33956939318400026
303,4823.305380553991,2.002875597892139,258354.213,6455741.495,Sill 373,0.1675328864530008
305,2762.231335628403,1.9169688402406873,256740.8835,6453600.855,Sill 378,0.367394990527
306,2948.933954500238,1.745320904956818,261344.47999999998,6459683.93,Sill 379,0.5879665258560005
307,4823.327169380521,3.4868859379046677,405410.05700000003,6139840.225,Sill 38,0.5082846953360001
309,2764.045988517896,1.673157433954398,281369.721,6486726.48,Sill 381,0.26465126080799983
310,5749.671526916937,2.4146454185495387,247545.26,6477975.66,Sill 382,0.5258381570250001
312,4588.928333709821,0.930291137490002,244874.218,6473996.175000001,Sill 384,0.2733308802569997
313,1187.4925654235572,2.4834811639530434,250284.066,6481393.494999999,Sill 385,0.2345598875069994
314,3350.212052816329,2.652883257663351,249974.58399999997,6480977.18,Sill 386,1.1151857473039999
315,1063.9177818520402,0.6891687895885916,258894.5365,6492724.115,Sill 387,0.23274970566000008
316,1500.9319761827967,0.9229041354481634,260792.8825,6495186.529999999,Sill 388,0.2250903659999992
317,1313.7144426759796,0.4977305299616775,259847.135,6493949.140000001,Sill 389,0.11633645315699942
318,5774.856860911773,2.5208281390387164,401240.61549999996,6135294.29,Sill 39,0.5116084291559986
319,3062.3419857159893,2.6038232236899495,275904.843,6516034.245,Sill 390,0.3673608863360007
320,5438.052489567119,1.7935254516700856,278538.8755,6537677.71,Sill 391,0.409008853407999
321,3303.152701463857,0.4522276748439896,270050.20550000004,6533385.105,Sill 392,0.4091537295679992
322,3640.589841188104,1.3495894648445734,273778.3775,6535286.68,Sill 393,0.2468776077319994
323,3575.541749403646,1.113382540668122,278182.4765,6537510.83,Sill 394,0.1663843868409991
324,2211.885658305125,1.1539230067703738,280905.72699999996,6538841.984999999,Sill 395,0.10725418107899976
325,7838.095847057091,4.229372957537976,407480.391,6601140.525,Sill 396,0.5949626450110013
327,5911.959332902268,1.0617114872591502,411941.8705,6603313.93,Sill 398,0.39861106814300085
328,3900.8662234393196,1.5893590426704736,406128.3125,6600476.85,Sill 399,0.3376833183149994
329,3615.3495478388995,1.0189740139136456,438763.7485,6219482.885,Sill 4,0.3629748131519994
330,9142.336982966903,3.67468107990177,394105.6695,6138443.255000001,Sill 40,1.303283060900001
331,6350.760462188991,0.8024918543771169,407171.225,6600990.3149999995,Sill 400,0.46800068751100143
332,7387.17727205448,4.660272687373148,610601.1089999999,6606775.93,Sill 401,1.3192534452930005
333,14233.431901744112,9.012578043793592,586568.5430000001,6625214.869999999,Sill 402,1.071249048408001
334,9023.980402412895,7.736044453538553,590206.3565,6622252.085,Sill 403,1.3761413817839987
335,6171.591390781957,2.4934694152719796,610097.7855,6607179.87,Sill 404,0.6283893105840006
336,5023.197384629703,3.078033033858281,615336.8695,6603043.695,Sill 405,1.4650526697730002
337,4579.465112331406,3.836780651009674,596261.5115,6617435.154999999,Sill 406,0.3470818932069992
338,6731.971571207207,5.871104416870542,600734.2405000001,6606101.855,Sill 408,0.7762317410249997
339,2856.589977385616,3.022027252388864,594343.949,6611114.455,Sill 409,0.18877597098899912
340,8472.779433291085,2.9890489249992513,396074.427,6131719.32,Sill 41,0.6205799313040021
341,5761.086596188199,4.550220437151558,603844.6799999999,6603663.195,Sill 410,0.3303928775120015
342,3198.9680446109114,2.8390103235457715,589327.3595,6614943.76,Sill 411,0.29286738227200093
344,3532.493805925285,1.3050783939880608,593349.655,6572682.279999999,Sill 413,0.26176795778700024
345,4096.437055527006,1.6790138498177773,592502.939,6573273.765,Sill 414,0.15498618443199952
346,4059.4690813022207,3.207468883106645,594000.3925000001,6582047.34,Sill 415,0.5044559246400002
347,1198.9442460031055,1.9017937840193984,594642.606,6581603.29,Sill 416,0.2367270944640003
348,3996.62962779077,5.3317602550964045,596279.1529999999,6580434.975,Sill 417,0.736985963223999
349,3280.2332755737357,5.324987468627038,598326.7185,6578996.705,Sill 418,0.8277467726790002
350,4137.936958920184,2.585120545741398,605471.744,6589798.32,Sill 419,1.151729053824
351,6417.400097586714,3.7421789052229504,596287.4605,6625443.405,Sill 420,0.40941368780300014
352,4125.238335696615,4.9701175633748385,604504.0495,6619412.855,Sill 421,0.4484601169650011
353,7364.565053991022,4.285173263475982,606961.034,6617573.39,Sill 422,0.6466314200000003
354,5015.007782611806,2.078700945545609,616602.095,6610422.4350000005,Sill 423,0.4982733396730006
355,10343.062491676508,5.0077645089873375,573236.263,6552890.85,Sill 424,0.6749353881589997
356,3603.3702949434664,3.0884273592296676,578286.6954999999,6548214.960000001,Sill 425,0.974717864162999
357,11424.38271171246,5.4316218335772195,577161.8955000001,6547015.035,Sill 426,1.6289241691029988
358,6120.0785097580765,4.486994527559916,571792.441,6554005.425000001,Sill 427,0.6537488437599999
359,3915.8479309846934,3.419848710660996,562698.791,6527163.765,Sill 428,0.37710272670800027
360,1769.223746307889,4.1452599636819505,564173.8319999999,6529049.115,Sill 429,0.13309931654400042
361,5816.845710735247,1.9723958255160197,391930.021,6136434.125,Sill 43,0.3334100353110001
362,6130.430596662903,2.497120610876058,566105.7590000001,6531524.885,Sill 430,0.7703547267249999
363,1273.7357814963882,2.635489240139144,559591.171,6523146.074999999,Sill 431,0.22283507783999923
364,7249.170835155617,4.018333126358791,555916.051,6518359.59,Sill 432,0.47374096750300065
365,1633.5986351135462,5.589673228780255,575672.596,6544632.029999999,Sill 433,0.401108921515001
366,2369.3912813422826,3.2234976097189567,577313.964,6547013.8100000005,Sill 434,0.4781674774410014
367,6125.832959206428,2.1041047088384244,578098.943,6548113.8100000005,Sill 435,0.35366165304500097
368,5938.721087205288,4.201807939813257,582096.5055,6553762.875,Sill 436,0.6918630384330005
369,3700.7557948347485,4.5294557943515406,582778.122,6554712.605,Sill 437,0.960679555615001
370,7696.279035591547,4.617462991418422,579524.815,6550125.720000001,Sill 438,1.237344233327999
371,14610.958266546324,5.894884138206995,572634.1425,6540431.795,Sill 439,2.0312317830050013
372,8049.472398652532,6.754620352480172,574873.4055,6543481.215,Sill 440,0.6331003040120002
373,4045.1303185831875,0.5691244103859578,560634.6335,6524501.28,Sill 441,0.47945873841599984
377,5703.077979006521,2.106511654945878,448137.0355,6373548.5,Sill 445,0.6144810393209994
378,2376.435220691682,1.7227755858491636,452296.269,6379091.279999999,Sill 446,0.721168543007999
379,2775.2016356226377,3.11111422197213,454629.5065,6382217.96,Sill 447,1.029411861819999
380,5747.579532438277,3.538474012976284,446876.43200000003,6371838.4350000005,Sill 448,1.1077510532490003
381,9553.958045986521,2.4247751910700073,434260.13800000004,6354908.42,Sill 449,0.5524915311599985
382,6625.538285150868,2.878369404597466,387380.974,6124711.285,Sill 45,0.5911567651439986
383,10055.162580631039,3.321210368242107,441634.3225,6361578.775,Sill 450,0.966884700662999
384,9022.721729357372,4.158937775165383,453426.0985,6376954.4350000005,Sill 451,1.7333424205830013
385,9048.152130507611,3.388166155835445,424587.50399999996,6340880.47,Sill 452,0.8063067372569979
386,3031.521798338061,1.542504925450333,415820.94200000004,6328833.6899999995,Sill 453,0.4404841466689997
387,3038.243817919596,1.6888748639026365,413937.4825,6326265.425000001,Sill 454,0.32367292807499926
388,5446.453027920656,4.385400612230547,421195.814,6336530.68,Sill 455,0.760863189348
389,8655.002552623802,1.5839174771359137,421023.9405,6334745.84,Sill 456,0.5450588654400002
390,2273.275775247583,2.900455334892736,444665.5135,6368827.0600000005,Sill 457,0.193046280998999
391,12231.715884325014,4.456434800653622,420509.89749999996,6333580.1899999995,Sill 458,1.964596628131
392,1396.985210635638,1.1831101242766047,412806.201,6324794.87,Sill 459,0.151982694465
393,12639.159774029062,4.951142049501378,392453.7165,6119913.79,Sill 46,1.6969163477399993
394,3157.4123825571264,2.2491650916991315,417460.6825,6331141.995,Sill 460,0.22466516687999905
395,15889.547475238269,3.4409593307298385,435840.981,6349708.41,Sill 461,0.9536748671250002
396,6268.801148704573,2.360294593187556,429890.29000000004,6346504.470000001,Sill 462,0.5808495253119981
397,1399.2954260001957,0.5941110545205424,568456.3049999999,6534561.045,Sill 463,0.2884252727799994
399,4187.415271062932,1.9534728571866489,426713.2735,6455547.3,Sill 466,0.7588749810030002
400,1548.5168025311762,1.3171534741188407,421813.7825,6448846.05,Sill 467,0.3876072558710013
401,1273.7749191627568,1.3118641302250267,422593.9255,6449930.88,Sill 468,0.324374323693001
402,1536.654134307545,1.1742456771972425,418518.406,6444209.275,Sill 469,0.7039977432119995
404,2765.204434088588,1.2475633965692756,413331.63399999996,6436911.619999999,Sill 470,0.24115711863200073
405,3774.4364329641517,2.181373662766079,417359.0155,6442587.7,Sill 471,0.6429995403279998
406,2439.513951061393,2.5070958636200986,414350.03449999995,6438352.05,Sill 472,0.24047092811699944
407,3984.01781575419,0.19347888082072034,402868.0525,6422491.7,Sill 473,0.19194586256700052
408,5126.342366873166,2.1523017080000764,408246.56,6429867.449999999,Sill 474,0.4202103500200005
409,3262.9706092370698,1.1936763748753558,416723.6265,6441697.625,Sill 475,0.26063160597599944
411,1438.4215225649043,1.3205683281357419,392622.01,6409485.27,Sill 478,0.15168577251599968
412,3005.1254676696117,2.303093860766801,400624.189,6419620.359999999,Sill 479,0.4070061679679995
413,3863.506560759187,1.2695846887818336,389120.0995,6115034.195,Sill 48,0.30592755917500103
414,1774.6386959880515,0.9108689899536522,387036.33999999997,6401964.585,Sill 480,0.1977650530320001
416,2993.2558428714874,1.308201697799499,384315.243,6398627.545,Sill 482,0.210704357948999
418,4417.084346607373,1.380318805982537,406078.94299999997,6426887.525,Sill 484,0.5377923277720007
419,6755.968268081586,2.410183255127172,413450.4555,6437095.585000001,Sill 485,0.2161828817389977
420,3658.7498464664154,0.8221312793918473,420275.79,6446683.654999999,Sill 486,0.11451957906499821
421,4112.5293785891645,2.752066787635539,446672.6215,6503389.529999999,Sill 487,0.3383211100389998
422,6674.043361679216,3.6979997940439904,450132.473,6507505.375,Sill 488,0.6408718277760013
423,7773.704266133788,5.004739293001558,531980.5349999999,6522101.015000001,Sill 489,0.1578533131600004
424,4176.566672204334,1.5939947198732265,390704.3685,6113499.68,Sill 49,0.3027252092249997
425,7746.209285057958,2.961788859552343,546168.6155000001,6511126.415,Sill 490,0.6389123788800002
426,4279.479735166381,0.8327180476853957,531288.675,6526841.904999999,Sill 491,0.4648550472809996
428,4459.46098212147,2.296686072966343,551082.9114999999,6521599.425,Sill 493,0.5346930995199992
429,6011.071795066439,1.7163838100116038,556212.679,6517991.795,Sill 494,0.4264716325799993
430,2389.419438128279,4.975871848596426,538505.927,6531157.0649999995,Sill 495,0.43828122205999875
431,2539.469189689545,1.797808648010782,539668.298,6530247.1850000005,Sill 496,0.6894779181009998
432,2314.968201423272,4.235621265253684,543234.244,6527496.49,Sill 498,0.2995120004550005
434,2986.148704954354,0.8142134587239113,470125.392,6281006.58,Sill 5,0.13350614904000047
435,3268.580528822527,0.6484184297778406,204293.1895,5694280.48,Sill 50,0.23531773708800063
436,3381.094498200452,0.8422422593669681,204303.891,5694257.87,Sill 50,0.3315568030949998
437,4898.956485014249,1.695157841732524,552076.051,6535841.1899999995,Sill 500,0.612722963985
438,5096.775789437511,0.8618503714958216,563032.588,6527924.535,Sill 501,0.6416415232909998
439,8519.533786129494,2.6227872550536344,557491.6429999999,6531923.234999999,Sill 502,0.7251161119039997
440,5421.197247736718,1.0866629390484759,555831.9635000001,6533124.705,Sill 503,0.2589310599560002
441,4204.624149409757,1.4485472851146364,262076.702,6299317.715,Sill 504,0.35421568001999937
442,3453.9468633326014,3.1356396016330184,259702.82650000002,6297624.824999999,Sill 505,0.5271684536159995
443,2102.2971997705745,2.824782622124765,259049.6675,6297161.25,Sill 506,0.9175976252349987
444,2738.409593632475,4.24258539575154,258058.515,6296430.23,Sill 507,0.9965738667329989
445,2177.3675044698584,1.5817945012185413,261955.9185,6299228.6,Sill 508,0.41442447018700035
446,3491.5016139623717,6.596264836004947,260319.4875,6298064.035,Sill 509,1.2520360235520025
447,2865.64741761808,4.544373777102525,262042.07399999996,6299290.96,Sill 510,1.665744143976002
448,3372.1161941115342,5.768074479262554,255663.4515,6294575.085000001,Sill 511,0.344908979656001
449,1850.0978884052586,2.5528628411727743,274156.7085,6307968.08,Sill 512,0.3754783801760011
450,4590.1870068686,2.7734725497343646,267058.391,6302878.945,Sill 513,0.6251800370489997
451,1588.56207295283,2.068619262383059,264992.2525,6301403.220000001,Sill 514,0.6280860681
452,1739.5101739631102,2.6092703841266793,260003.3455,6297839.17,Sill 515,0.2526757937449995
453,4700.997394267422,3.7094393850525806,271882.15249999997,6306334.275,Sill 516,1.3102214571049995
454,2687.44720964371,1.6915206928804214,275389.0555,6308855.695,Sill 518,0.18658769226400196
455,2499.86986469923,2.366261477653892,275881.05350000004,6309209.915,Sill 519,0.29597512149500016
456,2350.0447714749384,0.6457342063915695,272266.91500000004,5741820.75,Sill 52,0.1307350851840008
457,2836.937806918378,3.205349625143819,281559.21699999995,6313311.82,Sill 520,0.3274048961889999
458,5298.906503249833,4.218839632271043,277959.9675,6310707.234999999,Sill 521,0.7673449881599996
459,1912.4397304033946,4.025692176297641,275501.3775,6308935.0600000005,Sill 523,0.12996607657499926
460,2624.7118172906667,2.4358533049891102,276550.4915,6309691.960000001,Sill 524,0.08196231957500055
461,9116.356433620851,4.038173112035098,269302.36549999996,6304491.6899999995,Sill 525,2.224038136418997
462,4313.866032744895,3.3734065453811173,270850.5465,6305595.234999999,Sill 526,1.113302391775001
463,4435.09298965486,1.8995516435935813,287260.54799999995,6317477.195,Sill 527,0.8100475950229997
464,2737.3106021165586,0.13771648137932235,284614.01450000005,6315550.215,Sill 528,0.04946071322499934
465,9275.398947261272,2.00995949578743,283564.461,6315001.785,Sill 529,1.2623683625849997
466,5217.822413490462,3.2361991242161494,272505.0095,5746742.665,Sill 53,0.21660798694399963
467,8149.852773426744,4.797321100935576,282959.7735,6316208.805,Sill 530,1.5673935122200007
468,3215.5812107968463,2.5330785582952413,294407.7175,6322715.765000001,Sill 531,0.5884876680960005
469,5486.811785523667,2.093818216613375,291361.618,6320463.890000001,Sill 532,0.42741080339999815
470,2712.5479433785126,1.1314902917444591,309081.2255,6333745.515000001,Sill 533,0.053169982628998635
471,10964.347611145049,4.363197588698677,304566.3015,6330368.115,Sill 534,1.6097812124089987
472,7536.567040251009,3.4745395079855133,296723.31,6325287.835,Sill 535,1.2053123838809991
473,12564.806991307849,4.445531625049781,304027.8225,6329960.705,Sill 536,1.7058656481840018
474,3324.881209682903,3.8204336550861804,311229.33400000003,6335350.055,Sill 537,0.23768986867200237
475,4586.99282819623,2.183611078689526,314877.88,6338036.375,Sill 538,0.7823545690879987
476,5199.436853620236,1.6924253068706105,314882.5885,6338040.555,Sill 539,1.6260917534399995
477,52583.44933942898,3.908310220985394,252855.73849999998,5726034.43,Sill 54,0.7178656543609998
478,3825.152318210313,1.472814171433689,333435.4715,6351860.175,Sill 540,0.42442462160000005
479,2899.668706589754,0.13733502930275782,338689.973,6355729.255,Sill 541,0.10440868136399918
480,3787.48704946458,2.5946897819629506,336864.45900000003,6354382.295,Sill 542,0.9161236853910006
484,1687.445762311367,1.3107884600383142,317217.0355,6339750.085,Sill 546,0.2557900384559999
485,4437.958348385058,4.95322320832829,318762.217,6340898.515000001,Sill 547,0.3760048025270013
486,6021.588812733191,1.4530253144434515,342314.97400000005,6358434.35,Sill 548,1.0008893395600014
487,28959.160551670604,2.6927926148747927,330660.0335,6349739.99,Sill 549,1.8065689657439998
489,4212.887613711403,0.5931372915077353,318491.178,6340697.359999999,Sill 550,0.3645991117110008
490,8813.752830500525,7.452524011837935,305234.62899999996,6330873.324999999,Sill 551,1.9731496969549998
491,5649.622636114579,5.201890034837486,311403.2115,6335472.154999999,Sill 552,0.9726008624400002
492,10726.766535105717,2.5211475193470303,318157.26399999997,6281354.615,Sill 553,0.4884971984640005
493,6138.383299984262,4.54545358480829,315667.8975,6279978.795,Sill 554,1.1816648036610005
494,5548.196223756614,6.357559981305122,309214.0375,6276371.555,Sill 555,1.2428626159839986
495,2963.8057938913726,2.424438451923996,324782.108,6284992.51,Sill 556,0.5679087351600014
496,8229.387765286041,4.68496560546042,337841.21900000004,6293147.029999999,Sill 557,0.581118382231999
497,5489.59980488813,1.392634610625239,350642.3365,6299649.055,Sill 558,0.3006114508709987
498,8751.463855186883,3.492773114523348,352365.985,6301620.8100000005,Sill 559,0.8662370758549987
500,3191.2601151940476,0.2582379811969002,368425.5275,6309337.735,Sill 560,0.16384994236800088
501,3804.051363538004,1.2772709613827098,359690.34900000005,6304593.97,Sill 561,0.34147985301900174
502,6330.967963940134,2.8489261622241093,382152.414,6318421.11,Sill 562,0.7810801483319993
505,2380.6751410524,1.2357830497985598,388750.8925,6328307.279999999,Sill 565,0.07121722818900023
506,1948.5233579931541,2.073930232533315,375379.76399999997,6313466.295,Sill 566,0.5516558368169999
507,4137.658096654925,2.2291046173240696,370921.825,6310714.8,Sill 567,0.30045127146899997
508,5111.853810654659,1.8166388594983534,377896.863,6315894.43,Sill 568,0.4307482636310005
509,5216.295538391554,0.8174624560349819,364823.691,6307371.31,Sill 569,0.21396613673300058
510,9507.727699088666,0.41932575869436206,268661.588,5732913.68,Sill 57,0.1396979613200009
512,8875.620025238995,3.4943071942270594,344584.7355,6296201.325,Sill 570,1.0675296226000004
513,9653.323847993493,6.510561364978596,330529.53,6288152.13,Sill 571,1.1269975104570022
514,2387.419948001506,0.3268051846593214,279091.345,6315744.255,Sill 572,0.05725552567600145
515,3525.814582564613,5.847061937134129,312201.71849999996,6278044.58,Sill 573,0.3848345906760029
516,10199.348894635448,6.266655554622128,339938.21,6293376.23,Sill 574,1.262789857205
517,6643.598031218583,2.6502096763264467,358769.14650000003,6304102.0,Sill 575,0.30389777777699845
518,5301.180201702598,6.522003061338954,313739.5455,6278906.515000001,Sill 576,0.7431606202760026
519,4841.300391314895,5.071375705236305,329996.21499999997,6287840.57,Sill 577,0.5101439046479985
520,6789.466184686292,3.924882929612662,346769.866,6297454.055,Sill 578,0.9084475607790004
521,4062.5361791055298,2.0354735996689013,266984.13749999995,6318186.805,Sill 579,0.7125420774450022
522,19583.882670331524,4.2791178894135316,252328.756,5727804.465,Sill 58,0.4620493781280004
523,5124.9707773763785,2.8233532450645846,266658.7675,6318248.8,Sill 580,0.9282796904129995
524,3675.804175364026,3.070191673744562,271743.87049999996,6317220.71,Sill 582,0.5731890931710013
525,3174.9356245285944,3.2365988093574876,276767.7725,6316204.505000001,Sill 583,0.20494865041200017
526,3163.1268873077634,0.9604301363422725,274200.1765,6316720.51,Sill 584,0.8405844659199992
527,7949.507200602052,3.9414464018696815,266423.835,6318283.075,Sill 585,1.5637830178799996
528,6963.347575628847,2.5797373017357796,289636.5,6313723.8149999995,Sill 586,0.48719885600799895
529,3025.572578746861,0.8800123513448429,296106.67500000005,6312448.42,Sill 587,0.2865797616799981
530,3663.026466710498,2.1525385728350948,313749.1775,6309047.385,Sill 588,0.312374879312999
531,14498.984485127856,3.3150613571685357,330435.102,6306046.865,Sill 589,0.49566109656500146
532,4475.598003776692,1.4923598793203683,300884.6805,6311476.32,Sill 590,0.20734914609499988
533,3461.7841672359436,4.1692545133640735,302888.94350000005,6311075.635,Sill 591,0.8873484734160018
534,5250.749460688436,5.212440693060703,300651.9715,6311524.279999999,Sill 592,1.5828995910190002
535,11699.504938928041,3.0930621210137783,285726.755,6314473.79,Sill 593,1.4497121880209987
539,9061.644188335922,1.193075344306731,144631.081,6177343.4,Sill 597,0.7656684139230006
542,9875.206645847062,1.5989519132946928,238268.852,5729743.845000001,Sill 60,0.204867631449
549,6690.750673340516,1.351601310248114,192859.783,6254612.17,Sill 606,0.7189260709589993
550,2806.0684163313776,0.46834788028567464,201529.653,6268520.33,Sill 607,0.33257900328800005
561,663.2477030680167,0.4118331722053893,61484.5,6229971.69,Sill 617,0.023325275009000418
564,3822.810722351069,5.146308169375649,327465.77749999997,6058221.095000001,Sill 62,1.2589099061329998
566,2534.1367813518145,0.603661440881837,93255.4583,6342276.355,Sill 621,0.2536053243969998
567,3777.876170999236,0.8201591990731006,119925.532,5999003.705,Sill 622,0.4153676558490016
568,5314.757767107301,2.2932179584155765,120620.7875,5998208.32,Sill 623,0.4740980691950023
569,1599.8901292795722,1.5588947576909185,59277.76555,5894150.890000001,Sill 624,0.07059072918099929
570,3525.015393040311,3.265401214078291,66492.28205000001,5889378.935,Sill 625,0.19530792439199995
571,6874.872231644732,6.366703876993171,60499.01455,5893346.29,Sill 626,0.18401886210299878
572,9274.753362175396,5.587004603012941,71382.64085,5871468.699999999,Sill 627,2.4322075330549993
573,3000.152078222232,5.367581019701868,145623.7255,6001891.965,Sill 628,0.395398990437001
574,750.0410187209667,3.5401695481620346,137756.718,6012146.87,Sill 629,0.2594197570560004
575,4535.694758525431,2.936433184167826,327478.451,6058187.82,Sill 63,0.6851799631400013
576,3850.025736175964,2.6647663251827067,158911.76750000002,6020479.8149999995,Sill 630,0.5964899704640001
577,1325.0099717842343,3.600249994526753,162080.3155,6015384.84,Sill 631,0.11898396023999958
578,2562.3418325174757,6.220817924926882,158311.7085,6021438.755,Sill 632,0.2641399684000003
579,1664.237678940342,1.9472405551741034,176993.951,6009215.34,Sill 633,0.31644734556899934
580,1462.4775869248692,3.251949586400084,179605.938,6004790.5600000005,Sill 634,0.49237767360000184
581,4091.2778112888814,2.9330090890164064,272384.4165,6025720.745,Sill 635,0.38000852405999863
582,7801.278771822074,4.028960101334347,281595.924,6054071.365,Sill 636,0.37442083604800214
583,3313.4107538719873,6.085754124093093,281526.188,6054511.495,Sill 637,0.33200626067499783
584,6887.636175513105,5.998156988299981,281541.731,6054499.92,Sill 638,0.6753536532030004
585,16802.895003795173,5.3413571809340805,283370.2855,6038268.525,Sill 639,1.4031316278880004
586,8986.88782126627,2.8647231423292556,336751.15249999997,6064458.345,Sill 64,1.8000796240150017
587,3287.2365366733793,7.484130639295667,282828.194,6043195.63,Sill 640,0.5745970179450026
588,7752.01625558368,4.755176435931438,282255.5115,6048094.715,Sill 641,0.761121092889002
589,9552.27944154807,3.457227378167191,283367.4475,6038393.455,Sill 642,0.9708036483710005
590,11004.077028498015,4.73074307059694,284156.0255,6031387.1850000005,Sill 643,1.653261922575
591,7187.084165536181,2.446245975944671,286597.155,6012262.79,Sill 644,1.2498846436149993
592,4429.639302748497,2.934145184803372,279651.431,6025825.475,Sill 645,0.6996919236850023
593,1838.0475386586702,4.603951021178509,282050.4485,6023420.859999999,Sill 646,0.8439927533350016
594,5887.259859133058,3.5553999077476965,288765.904,6016949.555,Sill 647,1.7343039599999983
595,1101.730466322694,4.613428755490364,281548.52,6023899.915,Sill 648,0.38134493875200004
596,4734.450507650036,2.8629140401923006,302881.5405,6028678.9350000005,Sill 649,1.5928385634000009
597,5361.543579345884,3.4635894282388104,352146.5575,6074196.9,Sill 65,1.0518966968399996
598,3924.8253331763513,2.7063148455385484,304161.51399999997,6024986.495,Sill 650,1.151191475679
599,2388.591540700125,5.345499873852749,303241.324,6032916.93,Sill 651,0.6554446573890003
600,2463.560424439542,0.8087538741086733,303244.996,6032879.62,Sill 652,0.24298078442000004
601,1038.4839391735384,3.9638674946848873,303173.4225,6033525.779999999,Sill 653,0.03816170535999763
602,2425.4990766109727,1.4762140160830863,291037.4255,6014259.05,Sill 654,0.28378967575300074
603,3024.9554497031386,0.8906393457959534,293862.2835,6014635.99,Sill 656,0.24219270133599968
604,3764.480431411591,1.6606301892383502,314965.636,6016883.915,Sill 657,0.47535015043499984
607,5012.266912685048,5.015545060111369,348464.479,6077706.82,Sill 66,0.6179070700000011
611,13249.908372655837,11.098929642918186,314573.3955,6061641.245,Sill 663,1.8617081881200033
612,4325.145551551209,6.536828589575458,313892.895,6066632.25,Sill 664,0.7301733973200015
613,6861.338414196688,1.578067619736111,316243.9565,6048933.575,Sill 665,0.8487105257950001
614,3698.7667813411203,4.797972377400419,316695.7905,6041738.285,Sill 666,0.3387508785770006
615,2237.0262833728216,1.6444163844582322,317574.15,6038657.525,Sill 667,0.29875278909499947
616,5519.990420046125,3.9360358802756092,315811.7675,6052237.18,Sill 668,0.19526396929600143
618,8046.038439502393,6.166436718748515,316494.26800000004,6047033.095,Sill 669,1.0829509110330005
619,3748.009115543507,2.892168524545978,347373.011,6078723.97,Sill 67,0.7837606697909987
620,5296.27824248336,1.518820511681136,318552.022,6031127.015000001,Sill 670,0.9513680738210013
621,2349.5892160536405,1.5868263259051163,318997.79500000004,6039540.33,Sill 671,0.5438591181449997
624,2435.503009205569,1.1762164177862378,335386.4965,6050906.13,Sill 674,0.1863424434080001
625,9574.233759079703,4.7159947993673805,338467.2255,6062898.595000001,Sill 675,3.091401120087
626,6108.4801219144065,5.2618113752284374,342191.4765,6068354.375,Sill 676,1.2868823208990001
627,4662.60153642786,8.873208296813953,346703.503,6079390.725,Sill 677,1.5724768611839988
628,4686.373980388146,2.1298671305168178,355909.7465,6070608.785,Sill 678,0.6199299699799989
629,9685.270930668437,6.33400848014666,352968.54650000005,6082131.28,Sill 679,1.8339182536000012
630,3399.2106938691263,1.0992455073776282,366769.823,6077129.295,Sill 68,0.4621472073750015
631,10506.772038824338,2.4514200284780534,441053.83400000003,6378068.415,Sill 680,0.9190926867279994
632,15054.357899914166,3.622570749856513,432298.4275,6361571.845,Sill 681,1.7455777327920012
633,8762.442536563458,1.8183054509325642,432960.316,6369247.5,Sill 682,0.4892304105449998
634,9243.102571782974,1.8628927343683648,418196.968,6350569.255000001,Sill 683,0.9265831812630001
635,8360.273012044036,1.3700301201623069,401281.58050000004,6326619.715,Sill 684,0.8500044357969991
636,8118.243694717759,1.8270019109988063,398633.4535,6323045.23,Sill 685,1.0215683364120016
637,11820.82229909557,2.212453944364147,397560.37100000004,6321661.85,Sill 686,1.0804265682200005
638,6370.690479319462,3.112016114987925,402768.868,6328579.279999999,Sill 687,0.5994660667520009
639,10091.838002595694,2.476389631714154,387034.88049999997,6307398.3100000005,Sill 688,0.489894510669
640,12163.701630495543,3.479692664875493,363250.239,6272916.175,Sill 689,1.425120814749
641,5322.295893997834,2.0370437418195686,359258.521,6084242.51,Sill 69,0.6898064392760017
642,13236.643980125245,3.7335390037642684,349878.0555,6257444.675,Sill 690,0.6375742229009984
643,4588.302118366926,3.9563366188867333,371969.9795,6287063.4,Sill 691,0.5507616142400007
644,10556.313913678792,3.4448242742683637,413939.41099999996,6343103.984999999,Sill 692,2.2018155553389986
645,14565.774753428395,2.561101691725251,422510.3865,6351111.8149999995,Sill 693,0.7988747346929999
646,8105.136801094282,2.8304124373360815,426285.391,6358348.6850000005,Sill 694,0.6436299346400007
647,5881.442616469607,3.8485021198090106,418650.141,6350357.494999999,Sill 695,0.6073165068350006
648,7310.829772337558,2.539801072009346,439731.70900000003,6215259.08,Sill 696,1.167088294548
649,5688.6183543481375,3.763257246060338,443219.0865,6212537.575,Sill 697,0.8959944105599997
650,11796.01288088881,3.2629826949922256,300767.394,6321560.405,Sill 698,0.7150537911489998
651,4066.525135059408,3.356685310957067,314310.58849999995,6310906.525,Sill 699,0.3013262310190008
652,4295.330757140028,2.870701919336335,272423.053,6024823.57,Sill 7,0.3743837103999983
653,2636.550568832571,2.9070799094074307,272401.4315,6024943.41,Sill 7,0.13392625746300002
654,3331.280605055929,3.410707977692076,294939.9215,5656778.395,Sill 70,0.2574119591749984
655,9801.917942510378,3.0257765143339412,323202.859,6304142.875,Sill 700,0.341926020093001
656,1677.7555049367386,1.2296837722400258,284642.257,6333861.4350000005,Sill 701,0.3239470068750001
657,5671.022359168856,0.590324013650525,283843.506,6333490.33,Sill 702,0.30492004317599974
658,3737.320389122006,2.330066100621739,276340.0205,6340302.545,Sill 703,0.5193445817010001
659,4134.375319934632,2.9082008040144607,453398.9695,6267995.59,Sill 704,0.42837215218499924
660,2917.637243877582,1.2849324143940604,273558.76,6342458.5,Sill 705,0.8275474690050002
661,5814.387377647072,1.647366874953678,288316.2195,6331004.715,Sill 706,0.47539884878100036
662,24136.437713160056,3.9268608401266882,314389.58900000004,6311269.640000001,Sill 707,1.8281727235409995
663,10229.638543282172,3.6921320316989643,354710.9365,6280024.14,Sill 708,0.8613480174199992
664,7117.806486854291,3.35961244314111,368707.39650000003,6269452.325,Sill 709,0.6193230744650013
665,9812.371962846359,2.6935326515596145,208364.2365,6023958.59,Sill 71,0.714778907251
666,5111.488348260331,4.209869247896393,342697.227,6289409.9,Sill 710,0.9917167718679991
667,2960.299402509705,5.068649738251706,345041.631,6287591.074999999,Sill 711,0.6604429578480007
668,9749.570093927028,4.5289376694847725,348725.7165,6284743.970000001,Sill 712,1.1452834559360001
669,2383.549951203441,4.972824591575323,347221.7435,6285843.05,Sill 713,1.101071914189001
670,6051.373095195787,4.011057352672521,488425.9,6288448.135,Sill 714,0.8581705468050007
671,30571.83173546529,4.172870499259076,295162.1085,6325876.075,Sill 715,1.6459652891199985
672,4126.3298230873825,3.1858809569643918,328628.5,6300009.335,Sill 716,0.6113574666359991
673,9538.540883321975,2.9569837408037603,439406.914,6378680.715,Sill 717,1.7788053737569993
674,13202.45774139372,2.365954717220384,450541.363,6380220.92,Sill 718,1.0550001599690009
676,5712.3108796589,2.636677283598244,208976.1065,6020398.255000001,Sill 72,0.07890842332799952
679,1868.9919698192793,0.6154952270913256,491757.3235,6272440.85,Sill 722,0.20136055438800016
682,5020.975935654569,4.892027423261463,473840.95149999997,6286890.195,Sill 725,0.29151259078400127
683,14455.05790330446,6.455577943921242,464654.1705,6288783.619999999,Sill 726,4.066706472808001
684,5708.554193059852,4.759376386106281,447563.4445,6304960.965,Sill 727,0.9090272323170003
685,6509.000380298746,4.355177789208178,452145.99549999996,6302003.275,Sill 728,0.9962305598490007
686,9988.310636459906,2.4192305208110896,430847.6405,6316778.645,Sill 729,0.36330296262500106
687,3750.001431289964,5.139197006786933,434706.198,6192492.415,Sill 73,0.494167068044999
688,32598.446636536024,3.457554324880225,428879.6455,6319351.21,Sill 730,1.346079228479998
689,4728.49239193887,2.775318787620881,422279.326,6323062.54,Sill 731,0.3053210358650009
690,33306.00505167521,4.632194621778867,428821.6185,6318739.13,Sill 732,2.1582955161349995
691,7103.538755229826,3.259873626475054,460321.802,6296323.41,Sill 733,0.7344308878200012
692,10306.185482903635,4.4169115849462495,446571.27,6305590.050000001,Sill 734,0.5881022527549993
693,10655.386206286605,3.1196496235009343,412784.0585,6330609.785,Sill 735,0.9424484812410006
694,1316.478811507847,3.189254864821911,435669.2095,6313244.615,Sill 736,0.027635731200001068
695,3138.7295899076557,1.6312470591235728,415498.975,6329022.885,Sill 737,0.7281109139310014
696,10146.766652680557,4.90720567907348,394074.3555,6303027.574999999,Sill 738,0.9543596986229996
697,17923.38737161927,4.360630883490493,404481.9345,6308601.62,Sill 739,0.8454958503490007
698,5893.645345456933,4.231145504456873,442803.553,6204661.485,Sill 74,0.5871420167130017
699,6740.04522914862,3.3534800367718924,404434.301,6313681.220000001,Sill 740,0.7626952041119992
700,11441.038946311512,3.643520107367423,406656.71349999995,6316780.96,Sill 741,0.7858909400590002
701,12126.067312535817,4.138195692021634,388535.4535,6291977.21,Sill 742,1.033608460536001
702,12864.125199601223,4.155193060560544,390522.6145,6295708.390000001,Sill 743,0.821854387850999
703,27203.722542355314,4.5441489370697035,402625.725,6308021.005000001,Sill 745,0.817780426193
704,3937.110367438038,1.0371111473044536,413494.3905,6326277.595,Sill 746,0.3551859754949993
705,14536.663386905393,2.308996017545822,429621.654,6299378.65,Sill 747,0.9726562660909996
706,5458.424024421041,1.1839792466258356,419287.87,6289015.195,Sill 748,0.18416489140000092
707,8368.860379853715,4.253783764242309,449840.8175,6333597.550000001,Sill 749,1.3817822357510012
708,10028.787966311194,4.395779130963866,451665.282,6335809.745,Sill 750,1.1222976790689976
709,18011.864655950507,4.302284887579872,426358.6505,6296446.76,Sill 751,1.6068695319039987
710,8005.654664585511,4.8774473916004695,431606.093,6305406.59,Sill 752,0.18024096566800019
711,14121.133561795956,3.9582197917411044,442639.5455,6322317.08,Sill 753,0.6240566609669989
712,3291.718641526641,4.139932081458673,442975.757,6322884.66,Sill 754,0.9843345869999993
713,7670.366284971466,3.9626395197091986,445050.6615,6326132.17,Sill 755,1.1379199806269984
714,12181.798017739537,4.267030667940716,422051.168,6294122.125,Sill 756,1.474046533896999
715,8603.359887372757,4.419074538984154,443646.75399999996,6326300.035,Sill 757,1.133605555494999
716,9062.327338678953,3.4064341382035224,436815.70499999996,6320835.785,Sill 758,0.5073245179720005
717,10373.805386564825,3.869330087956007,448879.1075,6331644.755,Sill 759,1.4186386297439983
718,13420.165640741108,2.491002701099308,454117.998,6337570.275,Sill 760,0.9729671080969999
719,4148.0013239744785,3.4988526342751114,448944.582,6316679.73,Sill 761,0.9584439142129999
720,13128.623567171866,5.605667382669692,450915.712,6317725.390000001,Sill 762,1.0799422572960014
721,19099.39434648742,3.8259222066985172,458880.781,6330646.28,Sill 763,1.5294547334159998
722,10114.98966727558,3.362428344406093,452158.63399999996,6321124.234999999,Sill 764,0.8457951660800012
723,5111.851451109971,3.4362682680332837,445490.5325,6286896.46,Sill 766,0.7721617119450004
724,5522.813872418446,3.1160688320569268,451260.931,6295234.9350000005,Sill 767,0.535443767099999
725,12146.234777375594,4.197884703890969,450660.9055,6289172.28,Sill 768,1.0641895206690002
726,6460.654123168732,3.0629163174464087,458566.662,6307152.91,Sill 769,0.4409274856270011
727,11351.989692743084,0.889259958770468,449829.21,6223056.67,Sill 77,0.3209076863070002
728,9945.316412327615,4.276928850341182,448860.8245,6290461.875,Sill 770,1.0162807210079992
729,6159.305659212088,3.35531489979029,452963.326,6267309.91,Sill 771,0.5538823551359999
730,8851.167680519862,2.184406908795313,456391.65650000004,6272528.05,Sill 772,0.5979509107850003
731,8683.715156430024,3.901577174783626,475314.314,6300874.74,Sill 773,1.0543481268239994
732,16048.455970671897,3.9317748119114104,468567.951,6299013.215,Sill 774,1.1624224287590028
733,4055.7358957861306,2.3834150005526236,480932.8545,6312037.01,Sill 775,0.5058481018049994
735,35663.69468685229,6.970220086645618,458970.38800000004,6267690.46,Sill 777,2.090236486295998
736,6051.997203014926,1.4244159212627063,406483.07499999995,6350949.205,Sill 778,0.6107568274119997
738,3444.9063330707277,2.3082581888500875,456990.5385,6237032.335,Sill 78,0.3120666681599995
739,5407.088210870982,1.6330410564504292,409605.8285,6356633.395,Sill 780,0.6242388823000002
740,5686.301088848649,2.3163993570836667,409904.997,6356318.8100000005,Sill 781,1.1922571267709996
741,8098.926446517487,0.744273397427553,438595.92449999996,6394106.795,Sill 782,0.48553800529499913
742,4625.426644316636,1.6667113004180651,431943.6605,6385299.665,Sill 783,0.5884296402240019
743,14698.102667148563,2.6777169977774515,428966.899,6378924.84,Sill 784,1.581713897197
744,3201.0663880375882,3.9919699125748513,427905.1575,6380045.77,Sill 785,0.36062737970000214
745,2988.6498287107092,2.1856780700651663,428727.5495,6381109.08,Sill 786,0.8914800639570011
746,5275.989658104831,2.446142550784156,423613.579,6374419.035,Sill 787,0.7543692603149998
747,8550.225568733234,2.0005312097686763,419072.7615,6371285.49,Sill 788,0.6642414202689995
748,9774.563539726558,1.9960647547081751,436188.7985,6390912.62,Sill 789,0.5225341376479995
749,21536.573251038077,2.7927490486538917,453972.6895,6238613.395,Sill 79,1.7486711034449995
750,3200.2566786092643,2.208527786597286,414780.01749999996,6362700.365,Sill 790,0.6196310127450011
751,8662.037221560555,2.7742088091151227,420038.00100000005,6369810.630000001,Sill 791,0.6445550386530012
753,4138.7559717124495,0.6063193427386879,444836.895,6402556.745,Sill 794,0.18296184698500007
754,3637.4989914267117,0.44602463910855955,442819.4155,6419403.785,Sill 795,0.300098532899999
755,11742.699752084824,1.2031765133600816,436497.434,6423973.105,Sill 796,0.9323794475520004
756,4999.982176128585,3.887540163046345,415279.47750000004,6441431.26,Sill 797,0.49900588555500125
757,8688.516580407519,2.1951012794377944,452644.04949999996,6411572.525,Sill 798,1.5135587352990008
758,7164.753432671615,1.6148076708610195,416480.13399999996,6440498.1,Sill 799,0.8044337782560005
759,4239.675074780904,1.2770889154736733,463589.843,6246887.635,Sill 80,0.5134653499999999
760,4918.010853379624,1.3933579388560906,427430.316,6431513.515000001,Sill 800,0.6022271300650004
762,3915.6582747992493,0.8083023922064738,680720.3759999999,6643610.8149999995,Sill 802,0.12760066619999977
763,2691.3484034764506,1.758314260065319,684460.0260000001,6648696.28,Sill 803,0.21287768051199984
764,2499.7878319389547,2.4021572020112485,687064.2235000001,6652160.555,Sill 804,0.3368338548209997
765,12211.84348915464,1.6201880677241376,607814.145,6565203.99,Sill 805,0.7871216294200007
766,4655.266831501461,2.7184744284897526,609605.8615,6565848.71,Sill 806,1.067468743125
769,9985.723613314247,1.7271566797005313,439076.1655,6386892.105,Sill 809,1.2206389514910025
770,13322.111093825952,3.48511339748302,450496.4395,6231960.8100000005,Sill 81,1.799094756960001
771,4512.589872833726,3.0774069268873685,441922.1655,6384689.07,Sill 810,1.2855269042909994
772,4550.0193200498425,3.287157021976486,444778.4615,6382426.52,Sill 811,1.133417063558999
773,9778.79997840565,2.1597263973124794,429332.991,6394452.51,Sill 812,1.0509297117289997
774,7535.706064882336,3.481623224952453,436961.3295,6388550.695,Sill 813,0.7122939719039993
775,4649.675537669697,2.360986409102435,416515.456,6404491.675,Sill 814,0.6612020397000009
776,9860.565526460965,1.2904997754623162,420161.9335,6401787.965,Sill 815,0.6244052154089994
777,6766.133004087787,2.209781363196239,427021.966,6396236.9350000005,Sill 816,0.6354538333440007
778,9200.29920189704,0.9735492613182832,400706.824,6417277.52,Sill 817,0.6124966796480007
779,2339.5512826402187,0.6254603958661694,402995.497,6345143.154999999,Sill 818,0.43514331147499985
780,6172.7176038536345,0.7038855231921658,406516.02650000004,6342707.205,Sill 819,0.5372130281280005
781,13974.78564535805,5.179859237031927,436554.7265,6210371.5649999995,Sill 82,1.9799733102089991
782,4465.3076523280315,2.1109061020304756,415255.4565,6336687.6850000005,Sill 820,1.0458495094559992
783,4801.076070781528,2.81633418871657,417287.3645,6335283.305,Sill 821,0.3177400088480007
784,6745.395846458395,2.3136083627696564,410401.037,6340028.855,Sill 822,0.9376946711639991
785,5047.771446514057,2.620677865990529,426754.1825,6328457.74,Sill 823,0.7736227882950013
786,10659.350805194405,2.1825393519934915,431292.6315,6325170.21,Sill 824,0.42549869455200096
787,2686.1017919514065,0.4890667245725705,386670.73199999996,6396824.035,Sill 8245,0.3636743408800005
788,2187.8480804242554,1.563677684972673,401787.424,6385517.775,Sill 825,0.3513456503589989
789,5588.2775378784745,2.3538690254421883,423670.821,6369306.215,Sill 826,1.2151722565170004
790,5788.951353312818,3.4878780702235965,433554.569,6361803.29,Sill 827,1.7369302995830007
791,3324.795220389137,1.3519204474929314,368617.913,6409829.355,Sill 828,0.18466934085599984
792,1915.6808042268015,0.99242149866767,370626.51300000004,6408349.87,Sill 829,0.3200246063189991
793,3833.814046376766,0.323141044174055,451043.782,6201165.385,Sill 83,0.22346598074500035
794,2400.9598827393374,0.8165174808516695,374118.5605,6405865.365,Sill 830,0.1903532972330002
795,11415.3663551515,4.05063650805161,452445.02800000005,6347020.6,Sill 831,2.562126817400001
796,2440.8244277545755,3.0961252446581486,450773.1105,6349075.535,Sill 832,1.0516767815369987
797,8942.639835033438,4.863791053374766,450029.2025,6347933.715,Sill 833,0.9469401195200007
798,7114.3581611036925,3.384919966591465,461696.462,6341253.645,Sill 834,1.065611892799999
799,10182.754021435758,2.2293015866523413,443105.733,6354766.0600000005,Sill 835,0.23992421484899928
800,2887.4620005318316,1.0810236125271255,448941.855,6350406.4350000005,Sill 836,0.1939938213120005
801,5561.993934855516,2.6079080963469057,426207.3955,6367335.93,Sill 837,0.5366027137010008
803,2662.118194920898,2.626306325350132,418441.7335,6364013.9,Sill 839,1.2371317186049997
804,6224.937202952757,0.8700352668214909,436460.7435,6216161.835,Sill 84,0.3548473088130013
805,4700.036257969664,1.8059609118869395,436344.5595,6215983.805,Sill 84,0.18850269816000065
806,8166.421774009413,3.8973404212294986,446286.0005,6342917.9399999995,Sill 840,0.8527133514690011
807,4028.893308050556,2.7600196653001947,438066.66799999995,6348966.505,Sill 841,0.6812875033030008
808,3706.6760018080427,3.829047896130515,443292.0425,6345053.495,Sill 842,0.9645388857450015
809,10438.509101197009,5.265012716159262,445611.49049999996,6343411.915,Sill 843,1.7178014462529987
810,3038.0232713788882,1.4619039182402809,427710.8595,6356977.68,Sill 844,0.3148633307040005
815,2525.4779262088464,1.0856088822258316,367286.3815,6403227.72,Sill 849,0.13286270729999972
816,7523.422421798673,1.347370478353634,411238.23549999995,6348002.87,Sill 850,0.5160534556090006
817,2137.2394712811033,2.0874801444877304,412347.595,6347199.4399999995,Sill 851,0.2958901260000011
818,2924.8770387699324,1.4490864093958928,411380.36950000003,6347920.13,Sill 852,0.33895033973999955
819,5748.19162681581,1.38218208189467,415072.2655,6345109.835,Sill 853,0.3361011332689996
820,2821.2505817929,1.2902705398033223,417810.4595,6343063.505,Sill 854,0.11911592281600214
821,6201.161310609773,1.8393502108791657,418889.978,6342248.715,Sill 855,0.578065170256
822,15846.357842690973,2.4334977255728756,432317.378,6332401.545,Sill 856,1.0739913150240006
823,12781.269274306114,3.849636509529317,450338.97699999996,6319496.2,Sill 857,1.6173573374430013
824,7220.606863909933,5.056530126136657,457751.999,6315349.945,Sill 858,0.6546145964160006
825,8278.12752487322,2.5355639163922428,430807.6435,6333393.475,Sill 859,0.4203043061310012
826,4555.382946152926,2.144137613497118,444615.13,6225890.9350000005,Sill 86,0.38798850187600076
827,12189.97280224426,3.2188228908649115,480302.302,6302307.07,Sill 860,1.3465281093559995
828,3225.443068427184,5.413353367962763,283025.42799999996,6332166.18,Sill 861,0.2938538292689996
829,4646.339916719508,4.282138715800704,281878.44649999996,6335483.715,Sill 862,0.7853814740650016
830,1860.4530428907406,0.5344509617381131,280256.6285,6405681.949999999,Sill 863,0.09592851676899916
831,4073.628034210886,1.721399823509569,280494.681,6396598.0,Sill 864,0.9142225451999995
832,2309.589528492499,1.8880192147178794,280212.6855,6408278.27,Sill 866,0.49742449915200027
833,4990.369728761336,1.3089886819564023,279914.658,6420795.695,Sill 867,0.34133502693899986
834,3327.1519366853,1.034355986723615,281494.4375,6374014.675000001,Sill 868,0.6685962358349999
835,4162.201559626714,1.502629966144836,278759.22,6457888.0,Sill 869,0.9822652300930004
836,5548.298658861798,1.5449514328296492,435263.5775,6211898.27,Sill 87,0.365001590221
839,2212.4284334540266,2.2706086350107686,283243.06200000003,6326313.8149999995,Sill 872,0.6038100989930011
840,7691.164197925034,3.7207469971006875,283343.1635,6319538.699999999,Sill 873,1.4512374382880013
841,1137.613034878777,2.2219474895580706,283382.22750000004,6314012.645,Sill 874,0.7008174703350001
842,4039.868564903379,4.120189732928478,283434.642,6312474.91,Sill 875,0.9014422808490004
843,5556.178771106693,4.018333992408349,283617.132,6308244.01,Sill 876,1.322590683977002
844,7520.586180535245,3.6794855782065055,283642.179,6308151.045,Sill 877,1.315515927741001
845,3350.131276289935,0.8775361403010384,283963.21550000005,6303026.955,Sill 878,0.6090603598530002
846,11085.652664458066,3.313100358948023,426633.6495,6343431.3100000005,Sill 879,0.41139008405099986
847,7685.9552802582375,3.527713249192535,435369.29850000003,6337576.44,Sill 880,0.6863793223839982
848,3786.4129145727607,2.2665467532181007,437211.07050000003,6335856.07,Sill 881,0.42416780002500065
849,3240.6496978139903,4.1729383677956795,441013.064,6333135.085,Sill 882,0.9613957067550016
850,4312.876694664741,5.290778104203106,456772.3895,6321977.035,Sill 883,0.8605552724159997
851,2526.294422969839,1.9103258434273083,461104.65949999995,6318866.779999999,Sill 884,0.14039866512000065
852,10315.606399948047,4.163043108554659,459433.565,6321271.73,Sill 885,1.1567192467550003
853,11201.482108527409,4.277996064934467,480420.03300000005,6305320.855,Sill 886,1.0564760103750004
854,3220.814374398859,1.4949409150764361,470269.608,6312242.75,Sill 887,0.263470122495999
855,3321.9304041478194,1.759938692333523,465078.254,6316021.975,Sill 888,0.6205102713599997
856,4674.703671445766,1.464518015899266,279325.723,6439402.48,Sill 889,0.7430633248090002
857,2911.2857480206994,1.3522432612565787,464149.64749999996,6245363.71,Sill 89,0.39679569394000147
858,6275.791407394705,1.3344344112044593,279022.9085,6449498.574999999,Sill 890,0.5162642878959991
859,6925.4981155669175,2.2128724933519055,279980.436,6417953.415,Sill 891,0.6675311120250003
860,4750.1105985754875,1.3419105539051523,278715.994,6458818.234999999,Sill 892,0.617370811464
861,4387.9246043845915,1.2322076972453764,279171.004,6444318.885,Sill 893,0.49736674742099984
862,3511.2386008304516,1.884959695277254,279738.3325,6427603.779999999,Sill 895,0.5728843918049997
863,3484.4896846455576,3.998328637669644,279834.248,6424344.65,Sill 896,0.6975457561650016
864,2249.474271736361,2.2466473201457857,279839.55,6424039.710000001,Sill 897,0.7138644735749993
865,8047.18879127324,4.338303916423759,280478.859,6419640.27,Sill 898,1.431363878951999
867,4362.411572422235,1.1084034873082507,123275.53,5995148.2,Sill 9,0.21093309580800135
868,3062.4646135537855,1.5155687490707401,123094.92850000001,5995355.645,Sill 9,0.31938703440299854
869,5572.527508538331,0.6955870030978845,280114.532,6412692.805,Sill 901,0.16781735885699955
870,5633.4963765410985,2.558519498158457,280327.21499999997,6402760.26,Sill 902,0.9117980289189997
872,2113.9877247140726,1.0846574178576818,280637.9975,6392606.15,Sill 904,0.2273380592909997
873,4394.67052701304,2.217850233671066,280795.88899999997,6389318.105,Sill 905,0.860868892296001
874,8125.489379339359,2.6298967513440425,279552.606,6432643.745,Sill 906,1.1871804565360002
875,14526.783729867311,2.1303025130546347,391559.5175,6314924.48,Sill 907,0.5856992762000015
876,6986.505150389664,1.51044049158588,413137.3785,6305164.52,Sill 908,0.3021206269950003
877,9309.90741948537,3.478721111392289,402545.7235,6296980.335000001,Sill 909,1.1081865552109997
878,3098.0782282054383,2.2928066362937756,459385.04449999996,6247216.14,Sill 91,0.14524275090399819
879,4334.444105925995,3.557885245174675,406200.86699999997,6294489.28,Sill 910,0.24584166670000052
880,19346.94055706657,4.504747766327767,414210.48600000003,6291265.525,Sill 911,2.1919898116840013
881,5975.905796503178,3.3032997459581326,410015.815,6291799.0649999995,Sill 912,0.5867877375360009
882,12988.625694063667,2.084445542785758,462380.32,6257001.24,Sill 913,0.31864857498400045
883,9183.335146041205,2.340308908945409,413508.69,6289350.71,Sill 914,0.5164190055690012
884,1774.0433776150244,1.133965049191017,462368.5635,6256974.605,Sill 915,0.11677862569599906
885,2324.527226903579,0.9004061581889851,456827.221,6260624.345,Sill 916,0.5405320721430009
886,4148.65836136172,6.499689919996677,461003.582,6249003.96,Sill 92,0.853351106881
887,20918.866458093795,6.469313030381805,475905.64800000004,6270057.765000001,Sill 93,2.0445244672230016
888,6625.796392392457,2.1658565164882755,466257.65800000005,6262957.76,Sill 94,0.5545540284549997
889,8798.630087354504,2.9662986244541503,481794.05,6288090.845000001,Sill 95,0.7046631976800009
890,15406.065374890879,3.0709311309339595,463039.448,6269687.695,Sill 96,1.1760557405449985
891,14381.094152671596,4.594021612523633,473054.53599999996,6279615.23,Sill 97,1.8136641257360013
892,8595.562752125057,7.797695857431847,476134.8735,6285489.94,Sill 98,1.333382283592
893,4885.883070161127,5.323650256781769,479167.7665,6290972.92,Sill 99,0.7007667998070009
894,5249.454250607983,3.1853611616185606,443149.9575,6295884.609999999,Sill 328,0.23375993961600194
896,4775.154110483437,2.6651831312786713,279468.4475,6434979.825,Sill 900,0.9670984240610012
